{"min": [-0.231851, -0.937552, -0.146729], "max": [0.240838, 0.970085, 0.226462]}