{"min": [-0.491591, -0.820689, -0.418484], "max": [0.561617, 0.693298, 0.464734]}