{"min": [-0.490858, -0.766602, -0.391818], "max": [0.479676, 0.80914, 0.682113]}